Time,acc
0,0
0.005,0.209472296
0.01,-0.101757823
0.015,0.340047685
0.02,0.042736128
0.025,0.084942707
0.03,0.087615009
0.035,-0.09463245

