Time,acc
0,0
0.05,0.209472296
0.01,-0.101757823
0.015,0.340047685
0.02,0.0427368
0.05,0.08494207
0.03,0.087615009
0.035,-0.09463245
